parent_1,parent_2,parent_3,leaf
Local Services,-,-,3D Printing
Italian,Restaurants,-,Abruzzese
Bars,Nightlife,-,Absinthe Bars
Food,-,-,Acai Bowls
Fashion,Shopping,-,Accessories
Professional Services,-,-,Accountants
Beauty & Spas,-,-,Acne Treatment
Health & Medical,-,-,Acupuncture
Doctors,Health & Medical,-,Addiction Medicine
Local Services,-,-,Adoption Services
Shopping,-,-,Adult
Education,-,-,Adult Education
Professional Services,-,-,Advertising
Fitness & Instruction,Active Life,-,Aerial Fitness
Tours,Hotels & Travel,-,Aerial Tours
Medical Spas,Beauty & Spas,-,Aestheticians
Restaurants,-,-,Afghan
Restaurants,-,-,African
Religious Organizations,-,-,Afro-Brazilian
Hotels,Event Planning & Services,-,Agriturismi
Automotive,-,-,Aircraft Dealers
Automotive,-,-,Aircraft Repairs
Local Services,-,-,Air Duct Cleaning
Transportation,Hotels & Travel,-,Airlines
Transportation,Hotels & Travel,-,Airport Shuttles
Bars,Nightlife,-,Airport Lounges
Hotels & Travel,-,-,Airports
Airports,Hotels & Travel,-,Airport Terminals
Active Life,-,-,Airsoft
Portuguese,Restaurants,-,Alentejo
Portuguese,Restaurants,-,Algarve
Doctors,Health & Medical,-,Allergists
French,Restaurants,-,Alsatian
Italian,Restaurants,-,Altoatesine
Active Life,-,-,Amateur Sports Teams
Active Life,-,-,Amusement Parks
Restaurants,-,-,Andalusian
Doctors,Health & Medical,-,Anesthesiologists
Health & Medical,-,-,Animal Assisted Therapy
Pet Services,Pets,-,Holistic Animal Care
Pet Services,Pets,-,Animal Physical Therapy
Pets,-,-,Animal Shelters
Shopping,-,-,Antiques
Real Estate Agents,Real Estate,Home Services,Apartment Agents
Real Estate,Home Services,-,Apartments
Home & Garden,Shopping,-,Appliances
Local Services,-,-,Appraisal Services
Italian,Restaurants,-,Apulian
Pet Services,Pets,-,Aquarium Services
Restaurants,-,-,Arabian
Arabian,Restaurants,-,Arab Pizza
Arts & Entertainment,-,-,Arcades
Active Life,-,-,Archery
Professional Services,-,-,Architects
Tours,Hotels & Travel,-,Architectural Tours
Restaurants,-,-,Argentine
Restaurants,-,-,Armenian
Spanish,Restaurants,-,Arroceria / Paella
Education,-,-,Art Classes
Professional Services,-,-,Art Consultants
Home Services,-,-,Artificial Turf
Local Services,-,-,Art Installation
Museums,Arts & Entertainment,-,Art Museums
Local Services,-,-,Art Restoration
Shopping,-,-,Arts & Crafts
Specialty Schools,Education,-,Art Schools
Real Estate,Home Services,-,Art Space Rentals
Arts & Crafts,Shopping,-,Art Supplies
Tours,Hotels & Travel,-,Art Tours
Restaurants,-,-,Asian Fusion
Health & Medical,-,-,Assisted Living Facilities
Supernatural Readings,Arts & Entertainment,-,Astrologers
Restaurants,-,-,Asturian
Arts & Crafts,Shopping,-,Ateliers
Farms,Arts & Entertainment,-,Attraction Farms
Active Life,-,-,ATV Rentals/Tours
Shopping,-,-,Auction Houses
Doctors,Health & Medical,-,Audiologist
Party Equipment Rentals,Event Planning & Services,-,Audio/Visual Equipment Rental
Restaurants,-,-,Australian
Restaurants,-,-,Austrian
Public Services & Government,-,-,Authorized Postal Representative
Automotive,-,-,Auto Detailing
Automotive,-,-,Auto Customization
Automotive,-,-,Car Inspectors
Automotive,-,-,Auto Electric Services
Automotive,-,-,Auto Glass Services
Insurance,Financial Services,-,Auto Insurance
Automotive,-,-,Auto Loan Providers
Automotive,-,-,Auto Parts & Supplies
Automotive,-,-,Auto Repair
Automotive,-,-,Auto Security
Automotive,-,-,Auto Upholstery
French,Restaurants,-,Auvergnat
Automotive,-,-,Aviation Services
Active Life,-,-,Axe Throwing
Health & Medical,-,-,Ayurveda
Portuguese,Restaurants,-,Azores
Shopping,-,-,Baby Gear & Furniture
Plumbing,Home Services,-,Backflow Services
Food,-,-,Backshop
German,Restaurants,-,Baden
Active Life,-,-,Badminton
Food,-,-,Bagels
Restaurants,-,-,Baguettes
Local Services,-,-,Bail Bondsmen
Food,-,-,Bakeries
Event Planning & Services,-,-,Balloon Services
Restaurants,-,-,Bangladeshi
Lawyers,Professional Services,-,Bankruptcy Law
Financial Services,-,-,Banks & Credit Unions
Beauty & Spas,-,-,Barbers
Nightlife,-,-,Bar Crawl
Fitness & Instruction,Active Life,-,Barre Classes
Nightlife,-,-,Bars
Event Planning & Services,-,-,Bartenders
Specialty Schools,Education,-,Bartending Schools
Active Life,-,-,Baseball Fields
Active Life,-,-,Basketball Courts
Restaurants,-,-,Basque
Active Life,-,-,Bathing Area
Shopping,-,-,Battery Stores
Active Life,-,-,Batting Cages
Restaurants,-,-,Bavarian
Restaurants,-,-,Barbeque
Bars,Nightlife,-,Beach Bars
Active Life,-,-,Beach Equipment Rentals
Active Life,-,-,Beaches
Active Life,-,-,Beach Volleyball
Hotels & Travel,-,-,Bed & Breakfast
Food,-,-,"Beer, Wine & Spirits"
Bars,Nightlife,-,Beer Bar
Restaurants,-,-,Beer Garden
Nightlife,-,-,Beer Gardens
Restaurants,-,-,Beer Hall
Tours,Hotels & Travel,-,Beer Tours
Health & Medical,-,-,Behavior Analysts
Portuguese,Restaurants,-,Beira
Restaurants,-,-,Beisl
Restaurants,-,-,Belgian
Food,-,-,Bento
French,Restaurants,-,Berrichon
Shopping,-,-,Bespoke Clothing
Arts & Entertainment,-,-,Betting Centers
Food,-,-,Beverage Store
Active Life,-,-,Bicycle Paths
Local Services,-,-,Bike Repair/Maintenance
Bicycles,-,-,Bike Associations
Active Life,-,-,Bike Parking
Active Life,-,-,Bike Rentals
Bicycles,-,-,Bike Repair
Sporting Goods,Shopping,-,Bikes
Transportation,Hotels & Travel,-,Bike Sharing
Bicycles,-,-,Bike Shop
Tours,Hotels & Travel,-,Bike tours
Professional Services,-,-,Billing Services
Arts & Entertainment,-,-,Bingo Halls
Local Services,-,-,Biohazard Cleanup
Pet Stores,Pets,-,Bird Shops
Restaurants,-,-,Bistros
Restaurants,-,-,Black Sea
Home Services,-,-,Shades & Blinds
Health & Medical,-,-,Blood & Plasma Donation Centers
Japanese,Restaurants,-,Blowfish
Hair Salons,Beauty & Spas,-,Blow Dry/Out Services
Event Planning & Services,-,-,Boat Charters
Automotive,-,-,Boat Dealers
Active Life,-,-,Boating
Automotive,-,-,Boat Parts & Supplies
Professional Services,-,-,Boat Repair
Tours,Hotels & Travel,-,Boat Tours
Active Life,-,-,Bobsledding
Active Life,-,-,Bocce Ball
Health & Medical,-,-,Body Contouring
Automotive,-,-,Body Shops
Local Services,-,-,Bookbinding
Professional Services,-,-,Bookkeepers
"Books, Mags, Music & Video",Shopping,-,Bookstores
Fitness & Instruction,Active Life,-,Boot Camps
Photographers,Event Planning & Services,-,Boudoir Photography
Party Equipment Rentals,Event Planning & Services,-,Bounce House Rentals
French,Restaurants,-,Bourguignon
Active Life,-,-,Bowling
Fitness & Instruction,Active Life,-,Boxing
Restaurants,-,-,Brasseries
Restaurants,-,-,Brazilian
Brazilian,Restaurants,-,Brazilian Empanadas
Martial Arts,Fitness & Instruction,Active Life,Brazilian Jiu-jitsu
Restaurants,-,-,Breakfast & Brunch
Food,-,-,Breweries
Shopping,-,-,Brewing Supplies
Breweries,Food,-,Brewpubs
Shopping,-,-,Bridal
Restaurants,-,-,British
Active Life,-,-,Bubble Soccer
Food,-,-,Bubble Tea
Religious Organizations,-,-,Buddhist Temples
Restaurants,-,-,Buffets
Home Services,-,-,Building Supplies
Restaurants,-,-,Bulgarian
Medical Centers,Health & Medical,-,Bulk Billing
Active Life,-,-,Bungee Jumping
Restaurants,-,-,Burgers
Restaurants,-,-,Burmese
Transportation,Hotels & Travel,-,Buses
Professional Services,-,-,Business Consulting
Financial Services,-,-,Business Financing
Lawyers,Professional Services,-,Business Law
Local Services,-,-,Bus Rental
Transportation,Hotels & Travel,-,Bus Stations
Tours,Hotels & Travel,-,Bus Tours
Food,-,-,Butcher
Health & Medical,-,-,Counseling & Mental Health
Arts & Entertainment,-,-,Cabaret
Home Services,-,-,Cabinetry
Transportation,Hotels & Travel,-,Cable Cars
Restaurants,-,-,Cafes
Restaurants,-,-,Cafeteria
Restaurants,-,-,Cajun/Creole
Food,-,-,Patisserie/Cake Shop
Italian,Restaurants,-,Calabrian
Local Services,-,-,Calligraphy
Restaurants,-,-,Cambodian
Hotels & Travel,-,-,Campgrounds
Home & Garden,Shopping,-,Candle Stores
Specialty Food,Food,-,Candy Stores
Health & Medical,-,-,Cannabis Clinics
Health & Medical,-,-,Cannabis Collective
Shopping,-,-,Cannabis Dispensaries
Health & Medical,-,-,Medical Cannabis Referrals
Cannabis Clinics,Health & Medical,-,Cannabis Tours
Restaurants,-,-,Canteen
Chinese,Restaurants,-,Cantonese
Active Life,-,-,Canyoneering
Automotive,-,-,Car Dealers
Automotive,-,-,Car Auctions
Automotive,-,-,Car Brokers
Automotive,-,-,Car Buyers
Fitness & Instruction,Active Life,-,Cardio Classes
Doctors,Health & Medical,-,Cardiologists
Professional Services,-,-,Career Counseling
Restaurants,-,-,Caribbean
Event Planning & Services,-,-,Caricatures
Active Life,-,-,Carousels
Home Services,-,-,Carpenters
Local Services,-,-,Carpet Cleaning
Local Services,-,-,Carpet Dyeing
Home Services,-,-,Carpeting
Home Services,-,-,Carpet Installation
Hotels & Travel,-,-,Car Rental
Automotive,-,-,Car Share Services
Automotive,-,-,Car Wash
Auto Glass Services,Automotive,-,Car Window Tinting
Arts & Entertainment,-,-,Casinos
Arts & Entertainment,-,-,Castles
Restaurants,-,-,Catalan
Event Planning & Services,-,-,Caterers
Shopping,-,-,Mobile Phone Accessories
Brazilian,Restaurants,-,Central Brazilian
Fashion,Shopping,-,Ceremonial Clothing
Active Life,-,-,Challenge Courses
Bars,Nightlife,-,Champagne Bars
Turkish,Restaurants,-,Chee Kufta
Specialty Schools,Education,-,Cheerleading
Specialty Food,Food,-,Cheese Shops
Restaurants,-,-,Cheesesteaks
Tasting Classes,Education,-,Cheese Tasting Classes
Restaurants,-,-,Chicken Wings
Restaurants,-,-,Chicken Shop
Local Services,-,-,Child Care & Day Care
Fashion,Shopping,-,Children's Clothing
Home Services,-,-,Childproofing
Museums,Arts & Entertainment,-,Children's Museums
Restaurants,-,-,Chilean
Food,-,-,Chimney Cakes
Home Services,-,-,Chimney Sweeps
Restaurants,-,-,Chinese
Shopping,-,-,Chinese Bazaar
Martial Arts,Fitness & Instruction,Active Life,Chinese Martial Arts
Health & Medical,-,-,Chiropractors
Specialty Food,Food,-,Chocolatiers & Shops
Arts & Entertainment,-,-,Choirs
Home & Garden,Shopping,-,Christmas Trees
Religious Organizations,-,-,Churches
Food,-,-,Churros
Food,-,-,Cideries
Bars,Nightlife,-,Cigar Bars
Gyms,Fitness & Instruction,Active Life,Circuit Training Gyms
Specialty Schools,Education,-,Circus Schools
Public Services & Government,-,-,Civic Center
Active Life,-,-,Climbing
Local Services,-,-,Clock Repair
Fashion,Shopping,-,Clothing Rental
Event Planning & Services,-,-,Clowns
Nightlife,-,-,Club Crawl
Bars,Nightlife,-,Cocktail Bars
Food,-,-,Coffee & Tea
Food,-,-,Coffee Roasteries
Nightlife,-,-,Coffeeshops
Food,-,-,Coffee & Tea Supplies
Education,-,-,College Counseling
Education,-,-,Colleges & Universities
Latin American,Restaurants,-,Colombian
Health & Medical,-,-,Colonics
Nightlife,-,-,Comedy Clubs
Restaurants,-,-,Comfort Food
Real Estate,Home Services,-,Commercial Real Estate
Professional Services,-,-,Commissioned Artists
Local Services,-,-,Community Book Box
Public Services & Government,-,-,Community Centers
Local Services,-,-,Community Gardens
Shopping,-,-,Computers
Shopping,-,-,Concept Shops
Health & Medical,-,-,Concierge Medicine
Real Estate,Home Services,-,Condominiums
Chinese,Restaurants,-,Congee
Lawyers,Professional Services,-,Consumer Law
Lawyers,Professional Services,-,Contract Law
Home Services,-,-,Contractors
Food,-,-,Convenience Stores
Japanese,Restaurants,-,Conveyor Belt Sushi
Arts & Crafts,Shopping,-,Cooking Classes
Specialty Schools,Education,-,Cooking Schools
Local Services,-,-,Printing Services
Restaurants,-,-,Corsican
Dentists,Health & Medical,-,Cosmetic Dentists
Beauty & Spas,-,-,Cosmetics & Beauty Supply
Doctors,Health & Medical,-,Cosmetic Surgeons
Specialty Schools,Education,-,Cosmetology Schools
Arts & Crafts,Shopping,-,Costumes
Home Services,-,-,Countertop Installation
Arts & Entertainment,-,-,Country Clubs
Nightlife,-,-,Country Dance Halls
Local Services,-,-,Couriers & Delivery Services
Public Services & Government,-,-,Courthouses
Legal Services,Professional Services,-,Court Reporters
Specialty Schools,Education,-,CPR Classes
Local Services,-,-,Crane Services
Funeral Services & Cemeteries,Local Services,-,Cremation Services
Restaurants,-,-,Creperies
Lawyers,Professional Services,-,Criminal Defense Law
Health & Medical,-,-,Crisis Pregnancy Centers
Health & Medical,-,-,Cryotherapy
Food,-,-,CSA
Restaurants,-,-,Cuban
Italian,Restaurants,-,Cucina campana
Arts & Entertainment,-,-,Cultural Center
Food,-,-,Cupcakes
Financial Services,-,-,Currency Exchange
Restaurants,-,-,Curry Sausage
Food,-,-,Custom Cakes
Shopping,-,-,Customized Merchandise
Professional Services,-,-,Customs Brokers
Active Life,-,-,Cycling Classes
Restaurants,-,-,Cypriot
Restaurants,-,-,Czech
Restaurants,-,-,Czech/Slovakian
Home Services,-,-,Damage Restoration
Specialty Schools,Education,-,Dance Schools
Nightlife,-,-,Dance Clubs
Nightlife,-,-,Dance Restaurants
Fitness & Instruction,Active Life,-,Dance Studios
Sports Wear,Sporting Goods,Shopping,Dance Wear
Restaurants,-,-,Danish
Active Life,-,-,Dart Arenas
IT Services & Computer Repair,Local Services,-,Data Recovery
Active Life,-,-,Day Camps
Financial Services,-,-,Debt Relief Services
Home Services,-,-,Decks & Railing
Food,-,-,Delicatessen
Restaurants,-,-,Delis
Home Services,-,-,Demolition Services
Dental Hygienists,Health & Medical,-,Storefront Clinics
Health & Medical,-,-,Dental Hygienists
Dental Hygienists,Health & Medical,-,Mobile Clinics
Health & Medical,-,-,Dentists
Public Services & Government,-,-,Departments of Motor Vehicles
Shopping,-,-,Department Stores
Doctors,Health & Medical,-,Dermatologists
Food,-,-,Desserts
Diagnostic Services,Health & Medical,-,Diagnostic Imaging
Health & Medical,-,-,Diagnostic Services
Health & Medical,-,-,Dialysis Clinics
Shopping,-,-,Diamond Buyers
Health & Medical,-,-,Dietitians
Professional Services,-,-,Digitizing Services
Chinese,Restaurants,-,Dim Sum
Restaurants,-,-,Diners
Restaurants,-,-,Dinner Theater
Lawyers,Professional Services,-,Disability Law
Active Life,-,-,Disc Golf
Shopping,-,-,Discount Store
Food,-,-,Distilleries
Bars,Nightlife,-,Dive Bars
Sporting Goods,Shopping,-,Dive Shops
Active Life,-,-,Diving
Lawyers,Professional Services,-,Divorce & Family Law
Auto Repair,Automotive,-,DIY Auto Shop
Food,-,-,Do-It-Yourself Food
Event Planning & Services,-,-,DJs
Parks,Active Life,-,Dog Parks
Pet Services,Pets,-,Dog Walkers
Transportation,Hotels & Travel,-,Dolmus Station
Caribbean,Restaurants,-,Dominican
Food,-,-,Donairs
Local Services,-,-,Donation Center
Japanese,Restaurants,-,Donburi
Food,-,-,Donuts
Home Services,-,-,Door Sales/Installation
Health & Medical,-,-,Doulas
Specialty Schools,Education,-,Drama Schools
Specialty Food,Food,-,Dried Fruit
Cinema,Arts & Entertainment,-,Drive-In Theater
Bars,Nightlife,-,Drive-Thru Bars
Specialty Schools,Education,-,Driving Schools
Shopping,-,-,Drones
Shopping,-,-,Drugstores
Laundry Services,Local Services,-,Dry Cleaning
Home Services,-,-,Drywall Installation & Repair
Lawyers,Professional Services,-,DUI Law
Specialty Schools,Education,-,DUI Schools
Restaurants,-,-,Dumplings
Junk Removal & Hauling,Local Services,-,Dumpster Rental
Professional Services,-,-,Duplication Services
Shopping,-,-,Duty-Free Shops
Doctors,Health & Medical,-,Ear Nose & Throat
Restaurants,-,-,Eastern European
German,Restaurants,-,Eastern German
Mexican,Restaurants,-,Eastern Mexican
Arts & Entertainment,-,-,Eatertainment
Professional Services,-,-,Editorial Services
Education,-,-,Educational Services
Middle Eastern,Restaurants,-,Egyptian
Local Services,-,-,Elder Care Planning
Lawyers,Professional Services,-,Elder Law
Home Services,-,-,Electricians
Utilities,Home Services,-,Electricity Suppliers
Shopping,-,-,Electronics
Local Services,-,-,Electronics Repair
Education,-,-,Elementary Schools
Local Services,-,-,Elevator Services
Restaurants,-,-,Parent Cafes
Public Services & Government,-,-,Embassy
Arts & Crafts,Shopping,-,Embroidery & Crochet
Doctors,Health & Medical,-,Emergency Medicine
Pet Services,Pets,-,Emergency Pet Hospital
Health & Medical,-,-,Emergency Rooms
Italian,Restaurants,-,Emilian
Food,-,-,Empanadas
Professional Services,-,-,Employment Agencies
Lawyers,Professional Services,-,Employment Law
Fitness & Instruction,Active Life,-,EMS Training
Doctors,Health & Medical,-,Endocrinologists
Dentists,Health & Medical,-,Endodontists
Local Services,-,-,Engraving
Lawyers,Professional Services,-,Entertainment Law
Local Services,-,-,Environmental Abatement
Local Services,-,-,Environmental Testing
Restaurants,-,-,Eritrean
Beauty & Spas,-,-,Erotic Massage
Active Life,-,-,Escape Games
Real Estate,Home Services,-,Estate Liquidation
Real Estate Services,Real Estate,Home Services,Real Estate Photography
Lawyers,Professional Services,-,Estate Planning Law
Skin Care,Beauty & Spas,-,Estheticians
Food,-,-,Ethical Grocery
Restaurants,-,-,Ethiopian
Automotive,-,-,EV Charging Stations
Photographers,Event Planning & Services,-,Event Photography
Event Planning & Services,-,-,Party & Event Planning
-,-,-,Event Planning & Services
Home Services,-,-,Excavation Services
Active Life,-,-,Experiences
Beauty & Spas,-,-,Eyebrow Services
Beauty & Spas,-,-,Eyelash Service
Arts & Crafts,Shopping,-,Fabric Stores
Event Planning & Services,-,-,Face Painting
Portuguese,Restaurants,-,Fado Houses
Crisis Pregnancy Centers,Health & Medical,-,Faith-based Crisis Pregnancy Centers
Mediterranean,Restaurants,-,Falafel
Doctors,Health & Medical,-,Family Practice
Local Services,-,-,Farm Equipment Repair
Food,-,-,Farmers Market
Shopping,-,-,Farming Equipment
Arts & Entertainment,-,-,Farms
Pet Services,Pets,-,Farriers
Shopping,-,-,Fashion
Nightlife,-,-,Fasil Music
Home Services,-,-,Fences & Gates
Active Life,-,-,Fencing Clubs
Professional Services,-,-,Feng Shui
Transportation,Hotels & Travel,-,Ferries
Doctors,Health & Medical,-,Fertility
Arts & Entertainment,-,-,Festivals
Restaurants,-,-,Filipino
Financial Services,-,-,Financial Advising
Local Services,-,-,Fingerprinting
Specialty Schools,Education,-,Firearm Training
Public Services & Government,-,-,Fire Departments
Home Services,-,-,Fireplace Services
Home Services,-,-,Fire Protection Services
Home Services,-,-,Firewood
Shopping,-,-,Fireworks
Specialty Schools,Education,-,First Aid Classes
Restaurants,-,-,Fischbroetchen
Active Life,-,-,Fishing
Food,-,-,Fishmonger
Restaurants,-,-,Fish & Chips
Active Life,-,-,Fitness & Instruction
Shopping,-,-,Fitness/Exercise Equipment
Restaurants,-,-,Flatbread
Shopping,-,-,Flea Markets
Belgian,Restaurants,-,Flemish
Specialty Schools,Education,-,Flight Instruction
Health & Medical,-,-,Float Spa
Home Services,-,-,Flooring
Event Planning & Services,-,-,Floral Designers
Flowers & Gifts,Shopping,-,Florists
Shopping,-,-,Flowers & Gifts
Active Life,-,-,Flyboarding
Restaurants,-,-,Fondue
Restaurants,-,-,Food Court
Community Service/Non-Profit,Local Services,-,Food Banks
Food,-,-,Food Delivery Services
Specialty Schools,Education,-,Food Safety Training
Restaurants,-,-,Food Stands
Tours,Hotels & Travel,-,Food Tours
Food,-,-,Food Trucks
Active Life,-,-,Soccer
Beauty & Spas,-,-,Foot Care
Local Services,-,-,Forestry
Fashion,Shopping,-,Formal Wear
Home Services,-,-,Foundation Repair
Arts & Crafts,Shopping,-,Framing
German,Restaurants,-,Franconian
Diving,Active Life,-,Free Diving
Restaurants,-,-,Freiduria
Restaurants,-,-,French
Italian,Restaurants,-,Friulan
Specialty Food,Food,-,Frozen Food
Automotive,-,-,Fuel Docks
Local Services,-,-,Funeral Services & Cemeteries
Festivals,Arts & Entertainment,-,Fun Fair
Fashion,Shopping,-,Fur Clothing
Home & Garden,Shopping,-,Furniture Stores
Home Services,-,-,Furniture Assembly
Local Services,-,-,Furniture Repair
Chinese,Restaurants,-,Fuzhou
Restaurants,-,-,Galician
Shopping,-,-,Art Galleries
Restaurants,-,-,Game Meat
Event Planning & Services,-,-,Game Truck Rental
Home Services,-,-,Garage Door Services
Home Services,-,-,Gardeners
Home & Garden,Shopping,-,Nurseries & Gardening
Arts & Entertainment,-,-,Botanical Gardens
Doctors,Health & Medical,-,Gastroenterologist
Restaurants,-,-,Gastropubs
Bars,Nightlife,-,Gay Bars
Food,-,-,Gelato
Shopping,-,-,Gemstones & Minerals
Lawyers,Professional Services,-,General Litigation
Dentists,Health & Medical,-,General Dentistry
Festivals,Arts & Entertainment,-,General Festivals
Local Services,-,-,Generator Installation/Repair
Doctors,Health & Medical,-,Geneticists
Restaurants,-,-,Georgian
Restaurants,-,-,German
Doctors,Health & Medical,-,Gerontologists
Local Services,-,-,Gestorias
Restaurants,-,-,Giblets
Flowers & Gifts,Shopping,-,Gift Shops
Home Services,-,-,Glass & Mirrors
Art Classes,Education,-,Glass Blowing
Active Life,-,-,Gliding
Food,-,-,Mulled Wine
Restaurants,-,-,Gluten-Free
Active Life,-,-,Go Karts
Shopping,-,-,Gold Buyers
Active Life,-,-,Golf
Automotive,-,-,Golf Cart Dealers
Event Planning & Services,-,-,Golf Cart Rentals
Sporting Goods,Shopping,-,Golf Equipment
Fitness & Instruction,Active Life,-,Golf Lessons
Food,-,-,Specialty Food
Turkish,Restaurants,-,Gozleme
Professional Services,-,-,Graphic Design
Restaurants,-,-,Greek
Home & Garden,Shopping,-,Grilling Equipment
Local Services,-,-,Grill Services
Food,-,-,Grocery
Pet Services,Pets,-,Pet Groomers
Home Services,-,-,Grout Services
Restaurants,-,-,Guamanian
Hotels & Travel,-,-,Guest Houses
Musical Instrument Services,Local Services,-,Guitar Stores
Active Life,-,-,Gun/Rifle Ranges
Shopping,-,-,Guns & Ammo
Local Services,-,-,Gunsmith
Home Services,-,-,Gutter Services
Active Life,-,-,Gymnastics
Fitness & Instruction,Active Life,-,Gyms
Donburi,Japanese,Restaurants,Gyudon
Health & Medical,-,-,Habilitative Services
Chinese,Restaurants,-,Hainan
Beauty & Spas,-,-,Hair Salons
Beauty & Spas,-,-,Hair Extensions
Beauty & Spas,-,-,Hair Loss Centers
Beauty & Spas,-,-,Hair Removal
Hair Salons,Beauty & Spas,-,Hair Stylists
Caribbean,Restaurants,-,Haitian
Chinese,Restaurants,-,Hakka
Restaurants,-,-,Halal
Health & Medical,-,-,Halfway Houses
Health & Medical,-,-,Halotherapy
Active Life,-,-,Handball
Japanese,Restaurants,-,Hand Rolls
Home Services,-,-,Handyman
Active Life,-,-,Hang Gliding
Home & Garden,Shopping,-,Hardware Stores
Fashion,Shopping,-,Hats
Arts & Entertainment,-,-,Haunted Houses
Restaurants,-,-,Hawaiian
Food,-,-,Hawker Centre
Local Services,-,-,Hazardous Waste Disposal
Shopping,-,-,Head Shops
Health & Medical,-,-,Health Coach
Health & Medical,-,-,Health Insurance Offices
Specialty Food,Food,-,Health Markets
Hotels & Travel,-,-,Health Retreats
Fitness & Instruction,Active Life,-,Trainers
Health & Medical,-,-,Hearing Aids
Health & Medical,-,-,Hearing Aid Providers
Chinese,Restaurants,-,Henghwa
Event Planning & Services,-,-,Henna Artists
Doctors,Health & Medical,-,Hepatologists
Health & Medical,-,-,Herbal Shops
Specialty Food,Food,-,Herbs & Spices
German,Restaurants,-,Hessian
Restaurants,-,-,Heuriger
Shopping,-,-,High Fidelity Audio Equipment
Education,-,-,Middle Schools & High Schools
Active Life,-,-,Hiking
Restaurants,-,-,Himalayan/Nepalese
Religious Organizations,-,-,Hindu Temples
Tours,Hotels & Travel,-,Historical Tours
Restaurants,-,-,Hong Kong Style Cafe
Shopping,-,-,Hobby Shops
Sporting Goods,Shopping,-,Hockey Equipment
Chinese,Restaurants,-,Hokkien
Home & Garden,Shopping,-,Holiday Decorations
Home Services,-,-,Home Inspectors
Home Services,-,-,Home Organization
Shopping,-,-,Home & Garden
Local Services,-,-,Appliances & Repair
Home Services,-,-,Home Automation
Home Services,-,-,Home Cleaning
Home & Garden,Shopping,-,Home Decor
Real Estate,Home Services,-,Home Developers
Home Services,-,-,Home Energy Auditors
Health & Medical,-,-,Home Health Care
Insurance,Financial Services,-,Home & Rental Insurance
Community Service/Non-Profit,Local Services,-,Homeless Shelters
Turkish,Restaurants,-,Homemade Food
Home Services,-,-,Home Network Installation
Doctors,Health & Medical,-,Homeopathic
Real Estate,Home Services,-,Homeowner Association
Real Estate,Home Services,-,Home Staging
Home Services,-,-,Home Theatre Installation
Home Services,-,-,Home Window Tinting
Restaurants,-,-,Honduran
Food,-,-,Honey
Bars,Nightlife,-,Hookah Bars
Pets,-,-,Horse Boarding
Active Life,-,-,Horseback Riding
Shopping,-,-,Horse Equipment Shops
Active Life,-,-,Horse Racing
Japanese,Restaurants,-,Horumon
Health & Medical,-,-,Hospice
Doctors,Health & Medical,-,Hospitalists
Health & Medical,-,-,Hospitals
Hotels & Travel,-,-,Hostels
Active Life,-,-,Hot Air Balloons
Restaurants,-,-,Hot Dogs
Restaurants,-,-,Fast Food
Bars,Nightlife,-,Hotel bar
Event Planning & Services,-,-,Hotels
Restaurants,-,-,Hot Pot
Beauty & Spas,-,-,Hot Springs
Home & Garden,Shopping,-,Hot Tub & Pool
Home Services,-,-,House Sitters
Real Estate,Home Services,-,Housing Cooperatives
Chinese,Restaurants,-,Hunan
Restaurants,-,-,Hungarian
Sporting Goods,Shopping,-,Hunting & Fishing Supplies
Home Services,-,-,Heating & Air Conditioning/HVAC
Automotive,-,-,Hybrid Car Repair
Local Services,-,-,Hydro-jetting
Nurseries & Gardening,Home & Garden,Shopping,Hydroponics
Health & Medical,-,-,Hydrotherapy
Health & Medical,-,-,Hypnosis/Hypnotherapy
Restaurants,-,-,Iberian
Food,-,-,Ice Cream & Frozen Yogurt
Local Services,-,-,Ice Delivery
Lawyers,Professional Services,-,Immigration Law
Doctors,Health & Medical,-,Immunodermatologists
Food,-,-,Imported Food
Restaurants,-,-,Indonesian
Active Life,-,-,Indoor Playcentre
Professional Services,-,-,Indoor Landscaping
Restaurants,-,-,Indian
Doctors,Health & Medical,-,Infectious Disease Specialists
Financial Services,-,-,Installment Loans
Home Services,-,-,Insulation Installation
Financial Services,-,-,Insurance
Home Services,-,-,Interior Design
Automotive,-,-,Interlock Systems
Doctors,Health & Medical,-,Internal Medicine
Restaurants,-,-,International
Local Services,-,-,Internet Booths & Calling Centers
Food,-,-,Internet Cafes
Gyms,Fitness & Instruction,Active Life,Interval Training Gyms
Food,-,-,International Grocery
Financial Services,-,-,Investing
Lawyers,Professional Services,-,IP & Internet Law
Restaurants,-,-,Irish
Bars,Nightlife,-,Irish Pub
Home Services,-,-,Irrigation
Restaurants,-,-,Island Pub
Home Services,-,-,Internet Service Providers
Restaurants,-,-,Israeli
Restaurants,-,-,Italian
Local Services,-,-,IT Services & Computer Repair
Health & Medical,-,-,IV Hydration
Japanese,Restaurants,-,Izakaya
Public Services & Government,-,-,Jails & Prisons
Mexican,Restaurants,-,Jaliscan
Japanese,Restaurants,-,Japanese Curry
Restaurants,-,-,Japanese
Nightlife,-,-,Jazz & Blues
Active Life,-,-,Jet Skis
Shopping,-,-,Jewelry
Local Services,-,-,Jewelry Repair
Restaurants,-,-,Jewish
Food,-,-,Japanese Sweets
Food,-,-,Juice Bars & Smoothies
Local Services,-,-,Junk Removal & Hauling
Local Services,-,-,Junkyards
Japanese,Restaurants,-,Kaiseki
Nightlife,-,-,Karaoke
Party Equipment Rentals,Event Planning & Services,-,Karaoke Rental
Martial Arts,Fitness & Instruction,Active Life,Karate
Restaurants,-,-,Kebab
Martial Arts,Fitness & Instruction,Active Life,Kickboxing
Active Life,-,-,Kids Activities
Hair Salons,Beauty & Spas,-,Kids Hair Salons
Fashion,Shopping,-,Kimonos
Shopping,-,-,Kiosk
Home & Garden,Shopping,-,Kitchen & Bath
Real Estate,Home Services,-,Kitchen Incubators
Kitchen & Bath,Home & Garden,Shopping,Kitchen Supplies
Active Life,-,-,Kiteboarding
Local Services,-,-,Knife Sharpening
Shopping,-,-,Knitting Supplies
Food,-,-,Kombucha
Restaurants,-,-,Kopitiam
Restaurants,-,-,Korean
Restaurants,-,-,Kosher
Restaurants,-,-,Kurdish
Japanese,Restaurants,-,Kushikatsu
Diagnostic Services,Health & Medical,-,Laboratory Testing
Health & Medical,-,-,Lactation Services
Turkish,Restaurants,-,Lahmacun
Active Life,-,-,Lakes
Arts & Entertainment,-,-,LAN Centers
Public Services & Government,-,-,Landmarks & Historical Buildings
Home Services,-,-,Landscape Architects
Home Services,-,-,Landscaping
Real Estate Services,Real Estate,Home Services,Land Surveying
Specialty Schools,Education,-,Language Schools
Restaurants,-,-,Laos
Restaurants,-,-,Laotian
Hair Removal,Beauty & Spas,-,Laser Hair Removal
Health & Medical,-,-,Laser Eye Surgery/Lasik
Active Life,-,-,Laser Tag
Restaurants,-,-,Latin American
Laundry Services,Local Services,-,Laundromat
Local Services,-,-,Laundry Services
Active Life,-,-,Lawn Bowling
Landscaping,Home Services,-,Lawn Services
Professional Services,-,-,Lawyers
Fashion,Shopping,-,Leather Goods
Middle Eastern,Restaurants,-,Lebanese
Professional Services,-,-,Legal Services
Public Services & Government,-,-,Libraries
Health & Medical,-,-,Lice Services
Professional Services,-,-,Life Coach
Insurance,Financial Services,-,Life Insurance
Home Services,-,-,Lighting Fixtures & Equipment
Home & Garden,Shopping,-,Lighting Stores
Transportation,Hotels & Travel,-,Limos
Home & Garden,Shopping,-,Linens
Fashion,Shopping,-,Lingerie
Shopping,-,-,Livestock Feed & Supply
Pet Stores,Pets,-,Local Fish Stores
Home Services,-,-,Keys & Locksmiths
Bars,Nightlife,-,Lounges
Shopping,-,-,Luggage
Travel Services,Hotels & Travel,-,Luggage Storage
Italian,Restaurants,-,Lumbard
Restaurants,-,-,Lyonnais
Specialty Food,Food,-,Macarons
Local Services,-,-,Machine & Tool Rental
Local Services,-,-,Machine Shops
Portuguese,Restaurants,-,Madeira
Event Planning & Services,-,-,Magicians
"Books, Mags, Music & Video",Shopping,-,Newspapers & Magazines
Arts & Entertainment,-,-,Mah Jong Halls
Local Services,-,-,Mailbox Centers
Arts & Entertainment,-,-,Makerspaces
Beauty & Spas,-,-,Makeup Artists
Restaurants,-,-,Malaysian
Malaysian,Restaurants,-,Mamak
Arts & Entertainment,-,-,Marching Bands
Automotive,-,-,Marinas
Professional Services,-,-,Marketing
Specialty Food,Food,-,Fruits & Veggies
Shopping,-,-,Market Stalls
Fitness & Instruction,Active Life,-,Martial Arts
Home Services,-,-,Masonry/Concrete
Beauty & Spas,-,-,Massage
Specialty Schools,Education,-,Massage Schools
Health & Medical,-,-,Massage Therapy
Professional Services,-,-,Matchmakers
Home & Garden,Shopping,-,Materiale elettrico
Fashion,Shopping,-,Maternity Wear
Home & Garden,Shopping,-,Mattresses
French,Restaurants,-,Mauritius
Food,-,-,Meaderies
Restaurants,-,-,Meatballs
Specialty Food,Food,-,Meat Shops
Health & Medical,-,-,Medical Centers
Shopping,-,-,"Books, Mags, Music & Video"
Professional Services,-,-,Mediators
Health & Medical,-,-,Medical Foot Care
Lawyers,Professional Services,-,Medical Law
Beauty & Spas,-,-,Medical Spas
Shopping,-,-,Medical Supplies
Health & Medical,-,-,Medical Transportation
Fitness & Instruction,Active Life,-,Meditation Centers
Restaurants,-,-,Mediterranean
Health & Medical,-,-,Memory Care
Fashion,Shopping,-,Men's Clothing
Hair Salons,Beauty & Spas,-,Men's Hair Salons
Local Services,-,-,Metal Fabricators
Transportation,Hotels & Travel,-,Metro Stations
Restaurants,-,-,Mexican
Restaurants,-,-,Middle Eastern
Health & Medical,-,-,Midwives
Shopping,-,-,Military Surplus
Restaurants,-,-,Milk Bars
Food,-,-,Milkshake Bars
Portuguese,Restaurants,-,Minho
Active Life,-,-,Mini Golf
Local Services,-,-,Misting System Services
Home Services,-,-,Mobile Home Repair
Automotive,-,-,Mobile Dent Repair
Real Estate,Home Services,-,Mobile Home Dealers
Real Estate,Home Services,-,Mobile Home Parks
IT Services & Computer Repair,Local Services,-,Mobile Phone Repair
Shopping,-,-,Mobile Phones
Automotive,-,-,Mobility Equipment Sales & Services
Restaurants,-,-,Modern Australian
Restaurants,-,-,Modern European
Event Planning & Services,-,-,Mohels
Restaurants,-,-,Mongolian
Education,-,-,Montessori Schools
Restaurants,-,-,Moroccan
Real Estate,Home Services,-,Mortgage Brokers
Financial Services,-,-,Mortgage Lenders
Funeral Services & Cemeteries,Local Services,-,Mortuary Services
Religious Organizations,-,-,Mosques
Automotive,-,-,Motorsport Vehicle Dealers
Hotels & Travel,-,-,Motorcycle Rental
Automotive,-,-,Motorcycle Dealers
Auto Parts & Supplies,Automotive,-,Motorcycle Parts & Supplies
Automotive,-,-,Motorcycle Repair
Shopping,-,-,Motorcycle Gear
Automotive,-,-,Motorsport Vehicle Repairs
Active Life,-,-,Mountain Biking
Hotels,Event Planning & Services,-,Mountain Huts
Home Services,-,-,Movers
Arts & Entertainment,-,-,Cinema
Martial Arts,Fitness & Instruction,Active Life,Muay Thai
Public Services & Government,-,-,Municipality
Arts & Entertainment,-,-,Museums
Shopping,-,-,Musical Instruments & Teachers
Event Planning & Services,-,-,Musicians
Local Services,-,-,Musical Instrument Services
Professional Services,-,-,Music Production Services
Nightlife,-,-,Music Venues
"Books, Mags, Music & Video",Shopping,-,Music & DVDs
Supernatural Readings,Arts & Entertainment,-,Mystics
Nail Salons,Beauty & Spas,-,Nail Technicians
Local Services,-,-,Nanny Services
Italian,Restaurants,-,Napoletana
Food,-,-,Nasi Lemak
Utilities,Home Services,-,Natural Gas Suppliers
Doctors,Health & Medical,-,Naturopathic/Holistic
Doctors,Health & Medical,-,Nephrologists
Doctors,Health & Medical,-,Neurologist
Doctors,Health & Medical,-,Neuropathologists
Doctors,Health & Medical,-,Neurotologists
Restaurants,-,-,American (New)
Restaurants,-,-,Canadian (New)
Restaurants,-,-,New Mexican Cuisine
Restaurants,-,-,New Zealand
Restaurants,-,-,Nicaraguan
French,Restaurants,-,Nicoise
Restaurants,-,-,Night Food
Restaurants,-,-,Nikkei
Local Services,-,-,Community Service/Non-Profit
Restaurants,-,-,Noodles
Restaurants,-,-,Norcinerie
Brazilian,Restaurants,-,Northeastern Brazilian
Brazilian,Restaurants,-,Northern Brazilian
German,Restaurants,-,Northern German
Mexican,Restaurants,-,Northern Mexican
Restaurants,-,-,Traditional Norwegian
Local Services,-,-,Notaries
Active Life,-,-,Nudist
Health & Medical,-,-,Nurse Practitioner
Specialty Schools,Education,-,Nursing Schools
Health & Medical,-,-,Nutritionists
Malaysian,Restaurants,-,Nyonya
Mexican,Restaurants,-,Oaxacan
Doctors,Health & Medical,-,Obstetricians & Gynecologists
Arts & Entertainment,-,-,Observatories
Health & Medical,-,-,Occupational Therapy
Japanese,Restaurants,-,Oden
Professional Services,-,-,Office Cleaning
Shopping,-,-,Office Equipment
Event Planning & Services,-,-,Officiants
Automotive,-,-,Oil Change Stations
Japanese,Restaurants,-,Okinawan
Japanese,Restaurants,-,Okonomiyaki
Specialty Food,Food,-,Olive Oil
Doctors,Health & Medical,-,Oncologist
Japanese,Restaurants,-,Onigiri
Restaurants,-,-,Open Sandwiches
Arts & Entertainment,-,-,Opera & Ballet
Doctors,Health & Medical,-,Ophthalmologists
Shopping,-,-,Eyewear & Opticians
Health & Medical,-,-,Optometrists
Dentists,Health & Medical,-,Oral Surgeons
Health & Medical,-,-,Organ & Tissue Donor Services
Food,-,-,Organic Stores
Restaurants,-,-,Oriental
Dentists,Health & Medical,-,Orthodontists
Doctors,Health & Medical,-,Orthopedists
Health & Medical,-,-,Orthotics
Doctors,Health & Medical,-,Osteopathic Physicians
Medical Centers,Health & Medical,-,Osteopaths
Beauty & Spas,-,-,Nail Salons
Doctors,Health & Medical,-,Otologists
Turkish,Restaurants,-,Ottoman Cuisine
Home & Garden,Shopping,-,Outdoor Furniture Stores
Sporting Goods,Shopping,-,Outdoor Gear
Cinema,Arts & Entertainment,-,Outdoor Movies
Local Services,-,-,Outdoor Power Equipment Services
Shopping,-,-,Outlet Stores
Health & Medical,-,-,Oxygen Bars
Donburi,Japanese,Restaurants,Oyakodon
Arts & Entertainment,-,-,Pachinko
Home Services,-,-,Packing Services
Shopping,-,-,Packing Supplies
Active Life,-,-,Paddleboarding
Doctors,Health & Medical,-,Pain Management
Arts & Entertainment,-,-,Paint & Sip
Active Life,-,-,Paintball
Home Services,-,-,Painters
Home & Garden,Shopping,-,Paint Stores
Arts & Crafts,Shopping,-,Paint-Your-Own Pottery
Restaurants,-,-,Pakistani
German,Restaurants,-,Palatine
Restaurants,-,-,Pan Asian
Breakfast & Brunch,Restaurants,-,Pancakes
Food,-,-,Panzerotti
Active Life,-,-,Paragliding
Active Life,-,-,Parasailing
Specialty Schools,Education,-,Parenting Classes
Automotive,-,-,Parking
Local Flavor,-,-,Parklets
Active Life,-,-,Parks
Restaurants,-,-,Parma
Event Planning & Services,-,-,Party Bike Rentals
Event Planning & Services,-,-,Party Bus Rentals
Event Planning & Services,-,-,Party Characters
Event Planning & Services,-,-,Party Equipment Rentals
Event Planning & Services,-,-,Party Supplies
Travel Services,Hotels & Travel,-,Passport & Visa Services
Specialty Food,Food,-,Pasta Shops
Professional Services,-,-,Patent Law
Doctors,Health & Medical,-,Pathologists
Home Services,-,-,Patio Coverings
Shopping,-,-,Pawn Shops
Financial Services,-,-,Check Cashing/Pay-day Loans
Professional Services,-,-,Payroll Services
Dentists,Health & Medical,-,Pediatric Dentists
Doctors,Health & Medical,-,Pediatricians
Transportation,Hotels & Travel,-,Pedicabs
Hotels,Event Planning & Services,-,Pensions
Beauty & Spas,-,-,Perfume
Dentists,Health & Medical,-,Periodontists
Beauty & Spas,-,-,Permanent Makeup
Restaurants,-,-,Persian/Iranian
Lawyers,Professional Services,-,Personal Injury Law
Shopping,-,-,Personal Shopping
Professional Services,-,-,Personal Assistants
Health & Medical,-,-,Personal Care Services
Event Planning & Services,-,-,Personal Chefs
Restaurants,-,-,Peruvian
Local Services,-,-,Pest Control
Pet Services,Pets,-,Pet Sitting
Pet Services,Pets,-,Pet Training
Pets,-,-,Pet Adoption
Pet Sitting,Pet Services,Pets,Pet Boarding
Pet Services,Pets,-,Pet Breeders
Pet Services,Pets,-,Pet Cremation Services
Pet Services,Pets,-,Pet Hospice
Pet Services,Pets,-,Pet Insurance
Pet Services,Pets,-,Pet Photography
Pets,-,-,Pet Services
Pets,-,-,Pet Stores
Zoos,Active Life,-,Petting Zoos
Pet Services,Pets,-,Pet Transportation
Pet Services,Pets,-,Pet Waste Removal
Restaurants,-,-,PF/Comercial
Health & Medical,-,-,Pharmacy
Doctors,Health & Medical,-,Phlebologists
Event Planning & Services,-,-,Photo Booth Rentals
Specialty Schools,Education,-,Photography Classes
Event Planning & Services,-,-,Photographers
Shopping,-,-,Photography Stores & Services
Health & Medical,-,-,Physical Therapy
Health & Medical,-,-,Doctors
Nightlife,-,-,Piano Bars
Musical Instrument Services,Local Services,-,Piano Services
Musical Instrument Services,Local Services,-,Piano Stores
Active Life,-,-,Pickleball
Farms,Arts & Entertainment,-,Pick Your Own Farms
Italian,Restaurants,-,Piemonte
Beauty & Spas,-,-,Piercing
Polish,Restaurants,-,Pierogis
Fitness & Instruction,Active Life,-,Pilates
Restaurants,-,-,Pita
Restaurants,-,-,Pizza
Health & Medical,-,-,Placenta Encapsulations
Arts & Entertainment,-,-,Planetarium
Doctors,Health & Medical,-,Plastic Surgeons
Active Life,-,-,Playgrounds
Home & Garden,Shopping,-,Playsets
Home Services,-,-,Plumbing
Fashion,Shopping,-,Plus Size Fashion
Doctors,Health & Medical,-,Podiatrists
Food,-,-,Poke
Specialty Schools,Education,-,Pole Dancing Classes
Public Services & Government,-,-,Police Departments
Restaurants,-,-,Polish
Restaurants,-,-,Polynesian
Shopping,-,-,Pool & Billiards
Home Services,-,-,Pool Cleaners
Nightlife,-,-,Pool Halls
Home Services,-,-,Pool & Hot Tub Service
Specialty Food,Food,-,Popcorn Shops
Restaurants,-,-,Pop-Up Restaurants
Shopping,-,-,Pop-up Shops
Local Services,-,-,Portable Toilet Services
Restaurants,-,-,Portuguese
Public Services & Government,-,-,Post Offices
Health & Medical,-,-,Postpartum Care
Restaurants,-,-,Potatoes
Restaurants,-,-,Poutineries
Local Services,-,-,Powder Coating
Health & Medical,-,-,Prenatal/Perinatal Care
Education,-,-,Preschools
Home Services,-,-,Pressure Washers
Food,-,-,Pretzels
Doctors,Health & Medical,-,Preventive Medicine
Mass Media,-,-,Print Media
Professional Services,-,-,Private Investigation
Transportation,Hotels & Travel,-,Private Jet Charter
Education,-,-,Private Schools
Education,-,-,Private Tutors
Legal Services,Professional Services,-,Process Servers
Doctors,Health & Medical,-,Proctologists
Professional Services,-,-,Product Design
Local Services,-,-,Propane
Real Estate,Home Services,-,Property Management
Shopping,-,-,Props
Health & Medical,-,-,Prosthetics
Health & Medical,-,-,Prosthodontists
French,Restaurants,-,Provencal
Doctors,Health & Medical,-,Psychiatrists
Arts & Entertainment,-,-,Supernatural Readings
Supernatural Readings,Arts & Entertainment,-,Psychic Mediums
Supernatural Readings,Arts & Entertainment,-,Psychics
Counseling & Mental Health,Health & Medical,-,Psychoanalysts
Counseling & Mental Health,Health & Medical,-,Psychologists
Health & Medical,-,-,Psychotechnical Tests
Counseling & Mental Health,Health & Medical,-,Psychotherapists
Restaurants,-,-,Pub Food
Professional Services,-,-,Public Adjusters
Local Flavor,-,-,Public Art
Shopping,-,-,Public Markets
Active Life,-,-,Public Plazas
Professional Services,-,-,Public Relations
-,-,-,Public Services & Government
Transportation,Hotels & Travel,-,Public Transportation
Bars,Nightlife,-,Pubs
Mexican,Restaurants,-,Pueblan
Caribbean,Restaurants,-,Puerto Rican
Doctors,Health & Medical,-,Pulmonologist
Bars,Nightlife,-,Pulquerias
Home & Garden,Shopping,-,Pumpkin Patches
Fitness & Instruction,Active Life,-,Qi Gong
Active Life,-,-,Races & Competitions
Arts & Entertainment,-,-,Race Tracks
Active Life,-,-,Racing Experience
Doctors,Health & Medical,-,Radiologists
Mass Media,-,-,Radio Stations
Active Life,-,-,Rafting/Kayaking
Japanese,Restaurants,-,Ramen
Farms,Arts & Entertainment,-,Ranches
Restaurants,-,-,Live/Raw Food
Home Services,-,-,Real Estate
Real Estate,Home Services,-,Real Estate Agents
Lawyers,Professional Services,-,Real Estate Law
Real Estate,Home Services,-,Real Estate Services
Local Services,-,-,Record Labels
Local Services,-,-,Recording & Rehearsal Studios
Active Life,-,-,Recreation Centers
Local Services,-,-,Recycling Center
Home Services,-,-,Refinishing Services
Health & Medical,-,-,Reflexology
Automotive,-,-,Registration Services
Public Services & Government,-,-,Registry Office
Health & Medical,-,-,Rehabilitation Center
Health & Medical,-,-,Reiki
Shopping,-,-,Religious Items
-,-,-,Religious Organizations
Education,-,-,Religious Schools
Local Services,-,-,Furniture Rental
Health & Medical,-,-,Reproductive Health Services
Pet Stores,Pets,-,Reptile Shops
Hotels,Event Planning & Services,-,Residences
Hotels & Travel,-,-,Resorts
Hotels,Event Planning & Services,-,Rest Stops
Ophthalmologists,Doctors,Health & Medical,Retina Specialists
Health & Medical,-,-,Retirement Homes
French,Restaurants,-,Reunion
Local Services,-,-,Furniture Reupholstery
Doctors,Health & Medical,-,Rheumatologists
German,Restaurants,-,Rhinelandian
Portuguese,Restaurants,-,Ribatejo
Restaurants,-,-,Rice
Automotive,-,-,Roadside Assistance
Japanese,Restaurants,-,Robatayaki
Active Life,-,-,Rock Climbing
Arts & Entertainment,-,-,Rodeo
Brazilian,Restaurants,-,Rodizios
Italian,Restaurants,-,Roman
Restaurants,-,-,Romanian
Home Services,-,-,Roofing
Home Services,-,-,Roof Inspectors
Restaurants,-,-,Rotisserie Chicken
Home & Garden,Shopping,-,Rugs
Restaurants,-,-,Russian
Automotive,-,-,RV Dealers
Hotels & Travel,-,-,RV Parks
Hotels & Travel,-,-,RV Rental
Automotive,-,-,RV Repair
Hotels,Event Planning & Services,-,Ryokan
Shopping,-,-,Safe Stores
Shopping,-,-,Safety Equipment
Active Life,-,-,Sailing
Bars,Nightlife,-,Sake Bars
Restaurants,-,-,Salad
Food,-,-,Salumerie
Latin American,Restaurants,-,Salvadoran
Specialty Schools,Education,-,Samba Schools
Local Services,-,-,Sandblasting
Restaurants,-,-,Sandwiches
Italian,Restaurants,-,Sardinian
Home Services,-,-,Sauna Installation & Repair
Health & Medical,-,-,Saunas
Restaurants,-,-,Scandinavian
Shopping,-,-,Scandinavian Design
Active Life,-,-,Scavenger Hunts
Restaurants,-,-,Schnitzel
Active Life,-,-,Scooter Rentals
Tours,Hotels & Travel,-,Scooter Tours
Restaurants,-,-,Scottish
Local Services,-,-,Screen Printing/T-Shirt Printing
Local Services,-,-,Screen Printing
Diving,Active Life,-,Scuba Diving
Restaurants,-,-,Seafood
Specialty Food,Food,-,Seafood Markets
Home Services,-,-,Holiday Decorating Services
Professional Services,-,-,Security Services
Home Services,-,-,Security Systems
Fitness & Instruction,Active Life,-,Self-defense Classes
Local Services,-,-,Self Storage
African,Restaurants,-,Senegalese
Active Life,-,-,Senior Centers
Local Services,-,-,Septic Services
Restaurants,-,-,Serbo Croatian
Automotive,-,-,Service Stations
Automotive,-,-,Gas Stations
Photographers,Event Planning & Services,-,Session Photography
Local Services,-,-,Sewing & Alterations
Counseling & Mental Health,Health & Medical,-,Sex Therapists
Chinese,Restaurants,-,Shanghainese
Real Estate,Home Services,-,Shared Office Spaces
Transportation,Hotels & Travel,-,Shared Taxis
Food,-,-,Shaved Ice
Food,-,-,Shaved Snow
Home & Garden,Shopping,-,Sheds & Outdoor Storage
Local Services,-,-,Shipping Centers
Local Services,-,-,Shoe Repair
Fashion,Shopping,-,Shoe Stores
Local Services,-,-,Shoe Shine
Shopping,-,-,Shopping Centers
Shopping,-,-,Shopping Passages
Professional Services,-,-,Shredding Services
Religious Organizations,-,-,Shrines
Home Services,-,-,Shutters
Italian,Restaurants,-,Sicilian
Restaurants,-,-,Signature Cuisine
Professional Services,-,-,Signmaking
Religious Organizations,-,-,Sikh Temples
Event Planning & Services,-,-,Silent Disco
Restaurants,-,-,Singaporean
Parks,Active Life,-,Skate Parks
Sporting Goods,Shopping,-,Skate Shops
Active Life,-,-,Skating Rinks
Active Life,-,-,Skiing
Health & Medical,-,-,Skilled Nursing
Beauty & Spas,-,-,Skin Care
Hotels & Travel,-,-,Ski Resorts
Specialty Schools,Education,-,Ski Schools
Sporting Goods,Shopping,-,Ski & Snowboard Shops
Active Life,-,-,Skydiving
Active Life,-,-,Sledding
Health & Medical,-,-,Sleep Specialists
Fashion,Shopping,-,Sleepwear
Restaurants,-,-,Slovakian
Automotive,-,-,Smog Check Stations
Food,-,-,Smokehouse
Local Services,-,-,Smoking Areas
Active Life,-,-,Snorkeling
Local Services,-,-,Snow Removal
Local Services,-,-,Snuggle Services
Japanese,Restaurants,-,Soba
Arts & Entertainment,-,-,Social Clubs
Lawyers,Professional Services,-,Social Security Law
Professional Services,-,-,Software Development
Home Services,-,-,Solar Installation
Home Services,-,-,Solar Panel Cleaning
Restaurants,-,-,Somali
Event Planning & Services,-,-,Sommelier Services
Counseling & Mental Health,Health & Medical,-,Sophrologists
Restaurants,-,-,Soul Food
Restaurants,-,-,Soup
African,Restaurants,-,South African
Restaurants,-,-,Southern
Shopping,-,-,Souvenir Shops
Restaurants,-,-,Spanish
Beauty & Spas,-,-,Day Spas
Bars,Nightlife,-,Speakeasies
Bicycles,-,-,Special Bikes
Education,-,-,Special Education
Education,-,-,Specialty Schools
Health & Medical,-,-,Speech Therapists
Specialty Schools,Education,-,Speech Training
Health & Medical,-,-,Sperm Clinic
Doctors,Health & Medical,-,Spine Surgeons
Religious Organizations,-,-,Spiritism
Shopping,-,-,Spiritual Shop
Active Life,-,-,Sport Equipment Hire
Shopping,-,-,Sporting Goods
Active Life,-,-,Sports Clubs
Bars,Nightlife,-,Sports Bars
Arts & Entertainment,-,-,Sports Betting
Doctors,Health & Medical,-,Sports Medicine
Counseling & Mental Health,Health & Medical,-,Sports Psychologists
Arts & Entertainment,-,-,Professional Sports Teams
Sporting Goods,Shopping,-,Sports Wear
Tanning,Beauty & Spas,-,Spray Tanning
Active Life,-,-,Squash
Restaurants,-,-,Sri Lankan
Arts & Entertainment,-,-,Stadiums & Arenas
Flowers & Gifts,Shopping,-,Cards & Stationery
Restaurants,-,-,Steakhouses
Automotive,-,-,Car Stereo Installation
Fashion,Shopping,-,Stockings
Local Services,-,-,Stonemasons
Arts & Entertainment,-,-,Street Art
Food,-,-,Street Vendors
Adult Entertainment,Nightlife,-,Strip Clubs
Home Services,-,-,Structural Engineers
Home Services,-,-,Stucco Services
Arts & Entertainment,-,-,Studio Taping
Restaurants,-,-,French Southwest
Hair Removal,Beauty & Spas,-,Sugaring
Food,-,-,Sugar Shacks
Japanese,Restaurants,-,Sukiyaki
Active Life,-,-,Summer Camps
Eyewear & Opticians,Shopping,-,Sunglasses
Restaurants,-,-,Supper Clubs
Wholesalers,Professional Services,-,Restaurant Supplies
Active Life,-,-,Surfing
Active Life,-,-,Surf Lifesaving
Specialty Schools,Education,-,Surf Schools
Fashion,Shopping,-,Surf Shop
Doctors,Health & Medical,-,Surgeons
Restaurants,-,-,Sushi Bars
Restaurants,-,-,Swabian
Restaurants,-,-,Swedish
Specialty Schools,Education,-,Swimming Lessons/Schools
Active Life,-,-,Swimming Pools
Fashion,Shopping,-,Swimwear
Restaurants,-,-,Swiss Food
Religious Organizations,-,-,Synagogues
Restaurants,-,-,Syrian
Chinese,Restaurants,-,Szechuan
Bars,Nightlife,-,Tabac
Restaurants,-,-,Tabernas
Arts & Entertainment,-,-,Tablao Flamenco
Shopping,-,-,Tabletop Games
Home & Garden,Shopping,-,Tableware
Mexican,Restaurants,-,Tacos
Martial Arts,Fitness & Instruction,Active Life,Taekwondo
Fitness & Instruction,Active Life,-,Tai Chi
Restaurants,-,-,Taiwanese
Japanese Sweets,Food,-,Taiyaki
Japanese,Restaurants,-,Takoyaki
Professional Services,-,-,Talent Agencies
Mexican,Restaurants,-,Tamales
Beauty & Spas,-,-,Tanning
Tanning,Beauty & Spas,-,Tanning Beds
Religious Organizations,-,-,Taoist Temples
Restaurants,-,-,Tapas Bars
Restaurants,-,-,Tapas/Small Plates
Education,-,-,Tasting Classes
Beauty & Spas,-,-,Tattoo
Doctors,Health & Medical,-,Tattoo Removal
Restaurants,-,-,Tavola Calda
Professional Services,-,-,Taxidermy
Transportation,Hotels & Travel,-,Taxis
Lawyers,Professional Services,-,Tax Law
Public Services & Government,-,-,Tax Office
Financial Services,-,-,Tax Services
Health & Medical,-,-,Traditional Chinese Medicine
Food,-,-,Tea Rooms
Shopping,-,-,Teacher Supplies
Event Planning & Services,-,-,Team Building Activities
Beauty & Spas,-,-,Teeth Whitening
IT Services & Computer Repair,Local Services,-,Telecommunications
Home Services,-,-,Television Service Providers
Mass Media,-,-,Television Stations
Japanese,Restaurants,-,Tempura
Professional Services,-,-,Tenant and Eviction Law
Active Life,-,-,Tennis
Chinese,Restaurants,-,Teochew
Japanese,Restaurants,-,Teppanyaki
Education,-,-,Test Preparation
Restaurants,-,-,Tex-Mex
Restaurants,-,-,Thai
Arts & Entertainment,-,-,Performing Arts
Cafes,Restaurants,-,Themed Cafes
Hair Removal,Beauty & Spas,-,Threading Services
Shopping,-,-,Thrift Stores
Shopping,-,-,Tickets
Bars,Nightlife,-,Tiki Bars
Home Services,-,-,Tiling
Automotive,-,-,Tires
Financial Services,-,-,Title Loans
Shopping,-,-,Tobacco Shops
Specialty Food,Food,-,Tofu Shops
Japanese,Restaurants,-,Tonkatsu
Food,-,-,Torshi
Food,-,-,Tortillas
Hotels & Travel,-,-,Tours
Automotive,-,-,Towing
Transportation,Hotels & Travel,-,Town Car Service
Public Services & Government,-,-,Town Hall
Doctors,Health & Medical,-,Toxicologists
Shopping,-,-,Toy Stores
Restaurants,-,-,American (Traditional)
Fashion,Shopping,-,Traditional Clothing
Festivals,Arts & Entertainment,-,Trade Fairs
Restaurants,-,-,Traditional Swedish
Specialty Schools,Education,-,Traffic Schools
Lawyers,Professional Services,-,Traffic Ticketing Law
Automotive,-,-,Trailer Dealers
Automotive,-,-,Trailer Rental
Automotive,-,-,Trailer Repair
Transportation,Hotels & Travel,-,Trains
Hotels & Travel,-,-,Train Stations
Active Life,-,-,Trampoline Parks
Professional Services,-,-,Translation Services
Automotive,-,-,Transmission Repair
Hotels & Travel,-,-,Transportation
Portuguese,Restaurants,-,Tras-os-Montes
Restaurants,-,-,Trattorie
Travel Services,Hotels & Travel,-,Travel Agents
Hotels & Travel,-,-,Travel Services
Home Services,-,-,Tree Services
Caribbean,Restaurants,-,Trinidadian
Event Planning & Services,-,-,Trivia Hosts
Shopping,-,-,Trophy Shops
Doctors,Health & Medical,-,Tropical Medicine
Automotive,-,-,Truck Rental
Automotive,-,-,Commercial Truck Dealers
Automotive,-,-,Commercial Truck Repair
Active Life,-,-,Tubing
Traditional Chinese Medicine,Health & Medical,-,Tui Na
Restaurants,-,-,Turkish
Turkish,Restaurants,-,Turkish Ravioli
Italian,Restaurants,-,Tuscan
Education,-,-,Tutoring Centers
Local Services,-,-,TV Mounting
Japanese,Restaurants,-,Udon
Restaurants,-,-,Ukrainian
Health & Medical,-,-,Ultrasound Imaging Centers
Japanese,Restaurants,-,Unagi
Doctors,Health & Medical,-,Undersea/Hyperbaric Medicine
Shopping,-,-,Uniforms
Real Estate,Home Services,-,University Housing
Local Flavor,-,-,Unofficial Yelp Events
Health & Medical,-,-,Urgent Care
Doctors,Health & Medical,-,Urologists
Shopping,-,-,Used Bookstore
Automotive,-,-,Used Car Dealers
Home Services,-,-,Utilities
Restaurants,-,-,Uzbek
Hotels & Travel,-,-,Vacation Rentals
Hotels & Travel,-,-,Vacation Rental Agents
Event Planning & Services,-,-,Valet Services
Shopping,-,-,Vape Shops
Doctors,Health & Medical,-,Vascular Medicine
Restaurants,-,-,Vegan
Restaurants,-,-,Vegetarian
Automotive,-,-,Vehicle Shipping
Automotive,-,-,Vehicle Wraps
Italian,Restaurants,-,Venetian
Latin American,Restaurants,-,Venezuelan
Restaurants,-,-,Venison
Event Planning & Services,-,-,Venues & Event Spaces
Bars,Nightlife,-,Vermouth Bars
Pets,-,-,Veterinarians
Social Clubs,Arts & Entertainment,-,Veterans Organizations
Professional Services,-,-,Video/Film Production
"Books, Mags, Music & Video",Shopping,-,Video Game Stores
Event Planning & Services,-,-,Videographers
Restaurants,-,-,Vietnamese
Fashion,Shopping,-,"Used, Vintage & Consignment"
"Books, Mags, Music & Video",Shopping,-,Vinyl Records
Home Services,-,-,Siding
Arts & Entertainment,-,-,Virtual Reality Centers
Travel Services,Hotels & Travel,-,Visitor Centers
Shopping,-,-,Vitamins & Supplements
Musical Instrument Services,Local Services,-,Vocal Coach
Specialty Schools,Education,-,Vocational & Technical School
Active Life,-,-,Volleyball
Restaurants,-,-,Waffles
Education,-,-,Waldorf Schools
Medical Centers,Health & Medical,-,Walk-in Clinics
Tours,Hotels & Travel,-,Walking Tours
Home Services,-,-,Wallpapering
Local Services,-,-,Watch Repair
Shopping,-,-,Watches
Local Services,-,-,Water Delivery
Home Services,-,-,Water Heater Installation/Repair
Active Life,-,-,Water Parks
Home Services,-,-,Waterproofing
Home Services,-,-,Water Purification Services
Food,-,-,Water Stores
Utilities,Home Services,-,Water Suppliers
Transportation,Hotels & Travel,-,Water Taxis
Hair Removal,Beauty & Spas,-,Waxing
Professional Services,-,-,Web Design
Event Planning & Services,-,-,Wedding Planning
Event Planning & Services,-,-,Wedding Chapels
Health & Medical,-,-,Weight Loss Centers
Local Services,-,-,Well Drilling
Japanese,Restaurants,-,Western Style Japanese Food
Tours,Hotels & Travel,-,Whale Watching Tours
Automotive,-,-,Wheel & Rim Repair
Bars,Nightlife,-,Whiskey Bars
Shopping,-,-,Wholesale Stores
Professional Services,-,-,Wholesalers
Shopping,-,-,Wigs
Local Services,-,-,Wildlife Control
Active Life,-,-,Wildlife Hunting Ranges
Estate Planning Law,Lawyers,Professional Services,"Wills, Trusts, & Probates"
Home Services,-,-,Windows Installation
Automotive,-,-,Windshield Installation & Repair
Bars,Nightlife,-,Wine Bars
Arts & Entertainment,-,-,Wineries
Tasting Classes,Education,-,Wine Tasting Classes
Wineries,Arts & Entertainment,-,Wine Tasting Room
Tours,Hotels & Travel,-,Wine Tours
Restaurants,-,-,Wok
Fashion,Shopping,-,Women's Clothing
Lawyers,Professional Services,-,Workers Compensation Law
Restaurants,-,-,Wraps
Festivals,Arts & Entertainment,-,Christmas Markets
Japanese,Restaurants,-,Yakiniku
Japanese,Restaurants,-,Yakitori
Local Flavor,-,-,Yelp Events
Fitness & Instruction,Active Life,-,Yoga
Local Services,-,-,Youth Club
Mexican,Restaurants,-,Yucatan
Restaurants,-,-,Yugoslav
Food,-,-,Zapiekanka
Active Life,-,-,Ziplining
Active Life,-,-,Zoos
Active Life,-,-,Zorbing
"Books, Mags, Music & Video",Shopping,-,Comic Books
"Books, Mags, Music & Video",Shopping,-,Videos & Video Game Rental
Local Services,-,-,Dry Cleaning & Laundry
Restaurants,-,-,Ethnic Food
Nightlife,-,-,Adult Entertainment
Arts & Entertainment,-,-,Ticket Sales
Active Life,-,-,Leisure Centers
Beauty & Spas,-,-,Rolfing
Local Services,-,-,Awnings
Health & Medical,-,-,Alternative Medicine
Home Services,-,-,Window Washing
Food,-,-,Ethnic Grocery
Active Life,-,-,Aquariums
